dev_types_send_recv,n_devices,ping_inter,latency_ms
computer-computer,4,0.2,87.0
computer-computer,4,0.2,94.6
computer-computer,4,0.2,96.1
computer-computer,4,0.2,105
computer-computer,4,0.2,2.99
computer-computer,4,0.2,209
computer-computer,4,0.2,6.56
computer-computer,4,0.2,208
computer-computer,4,0.2,5.12
computer-computer,4,0.2,16.4
computer-computer,4,0.2,20.0
computer-computer,4,0.2,24.6
computer-computer,4,0.2,28.6
computer-computer,4,0.2,32.4
computer-computer,4,0.2,41.6
computer-computer,4,0.2,40.4
computer-computer,4,0.2,44.5
computer-computer,4,0.2,48.6
computer-computer,4,0.2,52.3
computer-computer,4,0.2,56.4
computer-computer,4,0.2,60.6
computer-computer,4,0.2,64.6
computer-computer,4,0.2,68.5
computer-computer,4,0.2,72.7
computer-computer,4,0.2,81.5
computer-computer,4,0.2,3.67
computer-computer,4,0.2,67.6
computer-computer,4,0.2,89.5
computer-computer,4,0.2,92.7
computer-computer,4,0.2,2.00
computer-computer,4,0.2,29.7
computer-computer,4,0.2,33.7
computer-computer,4,0.2,36.6
computer-computer,4,0.2,40.8
computer-computer,4,0.2,44.3
computer-computer,4,0.2,73.6
computer-computer,4,0.2,73.3
computer-computer,4,0.2,56.8
computer-computer,4,0.2,60.6
computer-computer,4,0.2,64.5
computer-computer,4,0.2,73.6
computer-computer,4,0.2,72.7
computer-computer,4,0.2,76.4
computer-computer,4,0.2,80.6
computer-computer,4,0.2,84.6
computer-computer,4,0.2,93.7
computer-computer,4,0.2,97.2
computer-computer,4,0.2,1.93
computer-computer,4,0.2,100
computer-computer,4,0.2,3.48
computer-computer,4,0.2,204
computer-computer,4,0.2,3.64
computer-computer,4,0.2,15.8
computer-computer,4,0.2,21.9
computer-computer,4,0.2,29.7
computer-computer,4,0.2,28.1
computer-computer,4,0.2,32.4
computer-computer,4,0.2,36.5
computer-computer,4,0.2,44.6
computer-computer,4,0.2,49.8
computer-computer,4,0.2,27.4
computer-computer,4,0.2,31.6
computer-computer,4,0.2,35.5
computer-computer,4,0.2,44.7
computer-computer,4,0.2,44.6
computer-computer,4,0.2,48.5
computer-computer,4,0.2,52.5
computer-computer,4,0.2,56.5
computer-computer,4,0.2,60.6
computer-computer,4,0.2,65.7
computer-computer,4,0.2,69.4
computer-computer,4,0.2,73.9
computer-computer,4,0.2,78.1
computer-computer,4,0.2,87.8
computer-computer,4,0.2,1.78
computer-computer,4,0.2,90.2
computer-computer,4,0.2,94.6
computer-computer,4,0.2,200
computer-computer,4,0.2,107
computer-computer,4,0.2,1.66
computer-computer,4,0.2,208
computer-computer,4,0.2,3.78
computer-computer,4,0.2,211
computer-computer,4,0.2,3.77
computer-computer,4,0.2,15.2
computer-computer,4,0.2,31.5
computer-computer,4,0.2,32.2
computer-computer,4,0.2,28.0
computer-computer,4,0.2,32.4
computer-computer,4,0.2,36.5
computer-computer,4,0.2,38.1
computer-computer,4,0.2,42.8
computer-computer,4,0.2,41.3
computer-computer,4,0.2,50.6
computer-computer,4,0.2,49.4
computer-computer,4,0.2,58.7
computer-computer,4,0.2,61.7
computer-computer,4,0.2,61.5
computer-computer,4,0.2,65.4
computer-computer,4,0.2,74.6
computer-computer,4,0.2,80.4
computer-computer,4,0.2,83.4
computer-computer,4,0.2,82.0
computer-computer,4,0.2,86.4
computer-computer,4,0.2,95.2
computer-computer,4,0.2,98.6
computer-computer,4,0.2,104
computer-computer,4,0.2,1.71
computer-computer,4,0.2,107
computer-computer,4,0.2,1.75
computer-computer,4,0.2,206
computer-computer,4,0.2,3.61
computer-computer,4,0.2,19.4
computer-computer,4,0.2,28.6
computer-computer,4,0.2,27.5
computer-computer,4,0.2,43.8
computer-computer,4,0.2,35.3
computer-computer,4,0.2,39.5
computer-computer,4,0.2,43.6
computer-computer,4,0.2,51.4
computer-computer,4,0.2,14.9
computer-computer,4,0.2,23.5
computer-computer,4,0.2,22.4
computer-computer,4,0.2,27.6
computer-computer,4,0.2,36.7
computer-computer,4,0.2,87.5
computer-computer,4,0.2,44.5
computer-computer,4,0.2,43.5
computer-computer,4,0.2,48.5
computer-computer,4,0.2,52.6
computer-computer,4,0.2,56.7
computer-computer,4,0.2,65.6
computer-computer,4,0.2,68.8
computer-computer,4,0.2,52.3
computer-computer,4,0.2,76.1
computer-computer,4,0.2,78.0
computer-computer,4,0.2,87.3
computer-computer,4,0.2,87.1
computer-computer,4,0.2,92.5
computer-computer,4,0.2,99.7
computer-computer,4,0.2,100
computer-computer,4,0.2,108
computer-computer,4,0.2,1.77
computer-computer,4,0.2,207
computer-computer,4,0.2,3.63
computer-computer,4,0.2,15.6
computer-computer,4,0.2,19.4
computer-computer,4,0.2,29.0
computer-computer,4,0.2,28.2
computer-computer,4,0.2,32.3
computer-smartphone,4,0.2,72.9
computer-smartphone,4,0.2,76.2
computer-smartphone,4,0.2,80.6
computer-smartphone,4,0.2,84.6
computer-smartphone,4,0.2,89.0
computer-smartphone,4,0.2,93.2
computer-smartphone,4,0.2,97.9
computer-smartphone,4,0.2,200
computer-smartphone,4,0.2,0.878
computer-smartphone,4,0.2,109
computer-smartphone,4,0.2,1.21
computer-smartphone,4,0.2,205
computer-smartphone,4,0.2,3.27
computer-smartphone,4,0.2,123
computer-smartphone,4,0.2,0.883
computer-smartphone,4,0.2,26.9
computer-smartphone,4,0.2,31.7
computer-smartphone,4,0.2,35.1
computer-smartphone,4,0.2,39.9
computer-smartphone,4,0.2,43.2
computer-smartphone,4,0.2,48.2
computer-smartphone,4,0.2,52.3
computer-smartphone,4,0.2,56.3
computer-smartphone,4,0.2,61.0
computer-smartphone,4,0.2,65.3
computer-smartphone,4,0.2,69.8
computer-smartphone,4,0.2,73.5
computer-smartphone,4,0.2,77.3
computer-smartphone,4,0.2,81.5
computer-smartphone,4,0.2,85.6
computer-smartphone,4,0.2,55.3
computer-smartphone,4,0.2,59.7
computer-smartphone,4,0.2,63.7
computer-smartphone,4,0.2,68.3
computer-smartphone,4,0.2,72.7
computer-smartphone,4,0.2,76.5
computer-smartphone,4,0.2,80.9
computer-smartphone,4,0.2,84.8
computer-smartphone,4,0.2,89.1
computer-smartphone,4,0.2,94.3
computer-smartphone,4,0.2,15.0
computer-smartphone,4,0.2,103
computer-smartphone,4,0.2,1.08
computer-smartphone,4,0.2,205
computer-smartphone,4,0.2,4.12
computer-smartphone,4,0.2,206
computer-smartphone,4,0.2,3.24
computer-smartphone,4,0.2,80.0
computer-smartphone,4,0.2,26.0
computer-smartphone,4,0.2,30.5
computer-smartphone,4,0.2,34.6
computer-smartphone,4,0.2,39.2
computer-smartphone,4,0.2,42.8
computer-smartphone,4,0.2,46.6
computer-smartphone,4,0.2,50.5
computer-smartphone,4,0.2,54.7
computer-smartphone,4,0.2,58.6
computer-smartphone,4,0.2,62.8
computer-smartphone,4,0.2,66.5
computer-smartphone,4,0.2,70.4
computer-smartphone,4,0.2,28.7
computer-smartphone,4,0.2,32.8
computer-smartphone,4,0.2,36.4
computer-smartphone,4,0.2,40.3
computer-smartphone,4,0.2,44.8
computer-smartphone,4,0.2,48.5
computer-smartphone,4,0.2,52.7
computer-smartphone,4,0.2,57.4
computer-smartphone,4,0.2,60.6
computer-smartphone,4,0.2,64.4
computer-smartphone,4,0.2,68.5
computer-smartphone,4,0.2,72.6
computer-smartphone,4,0.2,76.8
computer-smartphone,4,0.2,80.4
computer-smartphone,4,0.2,84.5
computer-smartphone,4,0.2,88.6
computer-smartphone,4,0.2,92.5
computer-smartphone,4,0.2,98.3
computer-smartphone,4,0.2,2.26
computer-smartphone,4,0.2,200
computer-smartphone,4,0.2,0.899
computer-smartphone,4,0.2,113
computer-smartphone,4,0.2,0.904
computer-smartphone,4,0.2,207
computer-smartphone,4,0.2,3.30
computer-smartphone,4,0.2,142
computer-smartphone,4,0.2,0.918
computer-smartphone,4,0.2,27.8
computer-smartphone,4,0.2,31.5
computer-smartphone,4,0.2,35.5
computer-smartphone,4,0.2,45.6
computer-smartphone,4,0.2,49.4
computer-smartphone,4,0.2,54.5
computer-smartphone,4,0.2,59.2
computer-smartphone,4,0.2,62.9
computer-smartphone,4,0.2,70.0
computer-smartphone,4,0.2,72.2
computer-smartphone,4,0.2,77.6
computer-smartphone,4,0.2,81.9
computer-smartphone,4,0.2,85.5
computer-smartphone,4,0.2,89.5
computer-smartphone,4,0.2,93.5
computer-smartphone,4,0.2,16.8
computer-smartphone,4,0.2,102
computer-smartphone,4,0.2,0.891
computer-smartphone,4,0.2,107
computer-smartphone,4,0.2,0.901
computer-smartphone,4,0.2,206
computer-smartphone,4,0.2,2.26
computer-smartphone,4,0.2,211
computer-smartphone,4,0.2,4.45
computer-smartphone,4,0.2,118
computer-smartphone,4,0.2,0.907
computer-smartphone,4,0.2,207
computer-smartphone,4,0.2,3.24
computer-smartphone,4,0.2,23.2
computer-smartphone,4,0.2,27.5
computer-smartphone,4,0.2,31.5
computer-smartphone,4,0.2,35.6
computer-smartphone,4,0.2,39.4
computer-smartphone,4,0.2,32.4
computer-smartphone,4,0.2,36.2
computer-smartphone,4,0.2,40.5
computer-smartphone,4,0.2,44.5
computer-smartphone,4,0.2,48.5
computer-smartphone,4,0.2,52.7
computer-smartphone,4,0.2,56.8
computer-smartphone,4,0.2,60.3
computer-smartphone,4,0.2,64.5
computer-smartphone,4,0.2,68.9
computer-smartphone,4,0.2,72.6
computer-smartphone,4,0.2,76.3
computer-smartphone,4,0.2,80.6
computer-smartphone,4,0.2,84.5
computer-smartphone,4,0.2,88.8
computer-smartphone,4,0.2,93.0
computer-smartphone,4,0.2,15.8
computer-smartphone,4,0.2,101
computer-smartphone,4,0.2,27.1
computer-smartphone,4,0.2,219
computer-smartphone,4,0.2,22.2
computer-smartphone,4,0.2,116
computer-smartphone,4,0.2,0.882
computer-smartphone,4,0.2,207
computer-smartphone,4,0.2,3.19
computer-smartphone,4,0.2,25.0
computer-smartphone,4,0.2,29.9
computer-smartphone,4,0.2,33.1
computer-smartphone,4,0.2,37.5
computer-smartphone,4,0.2,42.1
smartphone-computer,4,0.2,1.016
smartphone-computer,4,0.2,13.616
smartphone-computer,4,0.2,88.549
smartphone-computer,4,0.2,90.075
smartphone-computer,4,0.2,93.504
smartphone-computer,4,0.2,98.533
smartphone-computer,4,0.2,0.961
smartphone-computer,4,0.2,212.326
smartphone-computer,4,0.2,14.101
smartphone-computer,4,0.2,13.868
smartphone-computer,4,0.2,212.026
smartphone-computer,4,0.2,13.781
smartphone-computer,4,0.2,33.682
smartphone-computer,4,0.2,32.892
smartphone-computer,4,0.2,42.681
smartphone-computer,4,0.2,42.126
smartphone-computer,4,0.2,46.955
smartphone-computer,4,0.2,51.529
smartphone-computer,4,0.2,46.756
smartphone-computer,4,0.2,13.615
smartphone-computer,4,0.2,65.191
smartphone-computer,4,0.2,19.468
smartphone-computer,4,0.2,74.642
smartphone-computer,4,0.2,79.059
smartphone-computer,4,0.2,87.176
smartphone-computer,4,0.2,88.296
smartphone-computer,4,0.2,11.987
smartphone-computer,4,0.2,79.763
smartphone-computer,4,0.2,10.199
smartphone-computer,4,0.2,213.742
smartphone-computer,4,0.2,1.379
smartphone-computer,4,0.2,81.404
smartphone-computer,4,0.2,20.314
smartphone-computer,4,0.2,91.375
smartphone-computer,4,0.2,102.447
smartphone-computer,4,0.2,0.964
smartphone-computer,4,0.2,104.687
smartphone-computer,4,0.2,1.144
smartphone-computer,4,0.2,212.046
smartphone-computer,4,0.2,13.821
smartphone-computer,4,0.2,13.646
smartphone-computer,4,0.2,30.553
smartphone-computer,4,0.2,56.476
smartphone-computer,4,0.2,54.467
smartphone-computer,4,0.2,44.031
smartphone-computer,4,0.2,24.862
smartphone-computer,4,0.2,53.538
smartphone-computer,4,0.2,13.678
smartphone-computer,4,0.2,57.579
smartphone-computer,4,0.2,62.249
smartphone-computer,4,0.2,29.164
smartphone-computer,4,0.2,76.713
smartphone-computer,4,0.2,21.933
smartphone-computer,4,0.2,80.813
smartphone-computer,4,0.2,90.512
smartphone-computer,4,0.2,53.024
smartphone-computer,4,0.2,99.935
smartphone-computer,4,0.2,2.121
smartphone-computer,4,0.2,103.964
smartphone-computer,4,0.2,215.401
smartphone-computer,4,0.2,1.052
smartphone-computer,4,0.2,81.973
smartphone-computer,4,0.2,81.193
smartphone-computer,4,0.2,85.942
smartphone-computer,4,0.2,12.014
smartphone-computer,4,0.2,95.356
smartphone-computer,4,0.2,106.162
smartphone-computer,4,0.2,211.663
smartphone-computer,4,0.2,109.064
smartphone-computer,4,0.2,0.973
smartphone-computer,4,0.2,212.034
smartphone-computer,4,0.2,13.822
smartphone-computer,4,0.2,28.082
smartphone-computer,4,0.2,29.512
smartphone-computer,4,0.2,13.602
smartphone-computer,4,0.2,38.737
smartphone-computer,4,0.2,43.551
smartphone-computer,4,0.2,14.167
smartphone-computer,4,0.2,13.867
smartphone-computer,4,0.2,13.727
smartphone-computer,4,0.2,13.996
smartphone-computer,4,0.2,66.600
smartphone-computer,4,0.2,13.654
smartphone-computer,4,0.2,75.825
smartphone-computer,4,0.2,80.491
smartphone-computer,4,0.2,85.346
smartphone-computer,4,0.2,7.636
smartphone-computer,4,0.2,13.640
smartphone-computer,4,0.2,99.084
smartphone-computer,4,0.2,103.891
smartphone-computer,4,0.2,1.168
smartphone-computer,4,0.2,94.278
smartphone-computer,4,0.2,93.697
smartphone-computer,4,0.2,17.671
smartphone-computer,4,0.2,103.271
smartphone-computer,4,0.2,0.973
smartphone-computer,4,0.2,14.438
smartphone-computer,4,0.2,211.976
smartphone-computer,4,0.2,13.791
smartphone-computer,4,0.2,212.043
smartphone-computer,4,0.2,13.799
smartphone-computer,4,0.2,13.924
smartphone-computer,4,0.2,38.131
smartphone-computer,4,0.2,13.671
smartphone-computer,4,0.2,47.229
smartphone-computer,4,0.2,13.659
smartphone-computer,4,0.2,13.823
smartphone-computer,4,0.2,61.510
smartphone-computer,4,0.2,13.747
smartphone-computer,4,0.2,75.684
smartphone-computer,4,0.2,88.859
smartphone-computer,4,0.2,79.952
smartphone-computer,4,0.2,84.598
smartphone-computer,4,0.2,88.834
smartphone-computer,4,0.2,98.986
smartphone-computer,4,0.2,103.103
smartphone-computer,4,0.2,8.389
smartphone-computer,4,0.2,212.253
smartphone-computer,4,0.2,16.696
smartphone-computer,4,0.2,224.220
smartphone-computer,4,0.2,1.081
smartphone-computer,4,0.2,13.672
smartphone-computer,4,0.2,86.888
smartphone-computer,4,0.2,91.275
smartphone-computer,4,0.2,90.818
smartphone-computer,4,0.2,34.129
smartphone-computer,4,0.2,36.717
smartphone-computer,4,0.2,10.442
smartphone-computer,4,0.2,212.345
smartphone-computer,4,0.2,14.108
smartphone-computer,4,0.2,13.652
smartphone-computer,4,0.2,13.660
smartphone-computer,4,0.2,13.687
smartphone-computer,4,0.2,13.625
smartphone-computer,4,0.2,35.052
smartphone-computer,4,0.2,39.499
smartphone-computer,4,0.2,13.669
smartphone-computer,4,0.2,48.737
smartphone-computer,4,0.2,53.231
smartphone-computer,4,0.2,14.364
smartphone-computer,4,0.2,62.697
smartphone-computer,4,0.2,72.516
smartphone-computer,4,0.2,11.562
smartphone-computer,4,0.2,81.525
smartphone-computer,4,0.2,20.210
smartphone-computer,4,0.2,56.792
smartphone-computer,4,0.2,95.735
smartphone-computer,4,0.2,11.667
smartphone-computer,4,0.2,13.631
smartphone-computer,4,0.2,11.753
smartphone-smartphone,4,0.2,20.893
smartphone-smartphone,4,0.2,212.321
smartphone-smartphone,4,0.2,13.962
smartphone-smartphone,4,0.2,34.044
smartphone-smartphone,4,0.2,38.612
smartphone-smartphone,4,0.2,43.081
smartphone-smartphone,4,0.2,47.623
smartphone-smartphone,4,0.2,52.266
smartphone-smartphone,4,0.2,57.141
smartphone-smartphone,4,0.2,61.293
smartphone-smartphone,4,0.2,65.956
smartphone-smartphone,4,0.2,70.282
smartphone-smartphone,4,0.2,74.808
smartphone-smartphone,4,0.2,79.340
smartphone-smartphone,4,0.2,83.974
smartphone-smartphone,4,0.2,88.679
smartphone-smartphone,4,0.2,92.993
smartphone-smartphone,4,0.2,97.505
smartphone-smartphone,4,0.2,102.238
smartphone-smartphone,4,0.2,205.871
smartphone-smartphone,4,0.2,111.997
smartphone-smartphone,4,0.2,12.476
smartphone-smartphone,4,0.2,212.468
smartphone-smartphone,4,0.2,14.731
smartphone-smartphone,4,0.2,212.325
smartphone-smartphone,4,0.2,13.902
smartphone-smartphone,4,0.2,36.149
smartphone-smartphone,4,0.2,40.498
smartphone-smartphone,4,0.2,45.307
smartphone-smartphone,4,0.2,49.519
smartphone-smartphone,4,0.2,81.163
smartphone-smartphone,4,0.2,85.476
smartphone-smartphone,4,0.2,89.988
smartphone-smartphone,4,0.2,94.945
smartphone-smartphone,4,0.2,99.274
smartphone-smartphone,4,0.2,0.951
smartphone-smartphone,4,0.2,108.722
smartphone-smartphone,4,0.2,1.436
smartphone-smartphone,4,0.2,212.567
smartphone-smartphone,4,0.2,14.160
smartphone-smartphone,4,0.2,212.312
smartphone-smartphone,4,0.2,14.115
smartphone-smartphone,4,0.2,33.207
smartphone-smartphone,4,0.2,37.761
smartphone-smartphone,4,0.2,42.485
smartphone-smartphone,4,0.2,47.120
smartphone-smartphone,4,0.2,51.457
smartphone-smartphone,4,0.2,55.906
smartphone-smartphone,4,0.2,60.466
smartphone-smartphone,4,0.2,65.293
smartphone-smartphone,4,0.2,69.900
smartphone-smartphone,4,0.2,74.216
smartphone-smartphone,4,0.2,78.554
smartphone-smartphone,4,0.2,83.223
smartphone-smartphone,4,0.2,87.652
smartphone-smartphone,4,0.2,92.307
smartphone-smartphone,4,0.2,97.094
smartphone-smartphone,4,0.2,101.290
smartphone-smartphone,4,0.2,0.907
smartphone-smartphone,4,0.2,209.612
smartphone-smartphone,4,0.2,69.939
smartphone-smartphone,4,0.2,74.383
smartphone-smartphone,4,0.2,74.191
smartphone-smartphone,4,0.2,83.366
smartphone-smartphone,4,0.2,87.834
smartphone-smartphone,4,0.2,92.366
smartphone-smartphone,4,0.2,96.979
smartphone-smartphone,4,0.2,101.546
smartphone-smartphone,4,0.2,17.535
smartphone-smartphone,4,0.2,110.602
smartphone-smartphone,4,0.2,27.068
smartphone-smartphone,4,0.2,212.435
smartphone-smartphone,4,0.2,14.370
smartphone-smartphone,4,0.2,212.714
smartphone-smartphone,4,0.2,14.333
smartphone-smartphone,4,0.2,35.331
smartphone-smartphone,4,0.2,39.873
smartphone-smartphone,4,0.2,44.704
smartphone-smartphone,4,0.2,48.954
smartphone-smartphone,4,0.2,53.750
smartphone-smartphone,4,0.2,57.994
smartphone-smartphone,4,0.2,62.537
smartphone-smartphone,4,0.2,67.069
smartphone-smartphone,4,0.2,71.585
smartphone-smartphone,4,0.2,76.346
smartphone-smartphone,4,0.2,80.708
smartphone-smartphone,4,0.2,85.384
smartphone-smartphone,4,0.2,90.129
smartphone-smartphone,4,0.2,94.265
smartphone-smartphone,4,0.2,98.866
smartphone-smartphone,4,0.2,87.035
smartphone-smartphone,4,0.2,91.550
smartphone-smartphone,4,0.2,96.667
smartphone-smartphone,4,0.2,100.534
smartphone-smartphone,4,0.2,16.451
smartphone-smartphone,4,0.2,109.748
smartphone-smartphone,4,0.2,34.547
smartphone-smartphone,4,0.2,213.234
smartphone-smartphone,4,0.2,14.802
smartphone-smartphone,4,0.2,212.243
smartphone-smartphone,4,0.2,13.766
smartphone-smartphone,4,0.2,34.683
smartphone-smartphone,4,0.2,212.313
smartphone-smartphone,4,0.2,13.917
smartphone-smartphone,4,0.2,48.257
smartphone-smartphone,4,0.2,52.510
smartphone-smartphone,4,0.2,57.044
smartphone-smartphone,4,0.2,61.646
smartphone-smartphone,4,0.2,66.391
smartphone-smartphone,4,0.2,70.715
smartphone-smartphone,4,0.2,75.244
smartphone-smartphone,4,0.2,80.005
smartphone-smartphone,4,0.2,84.264
smartphone-smartphone,4,0.2,89.097
smartphone-smartphone,4,0.2,93.321
smartphone-smartphone,4,0.2,97.915
smartphone-smartphone,4,0.2,0.957
smartphone-smartphone,4,0.2,106.932
smartphone-smartphone,4,0.2,0.929
smartphone-smartphone,4,0.2,215.190
smartphone-smartphone,4,0.2,44.669
smartphone-smartphone,4,0.2,49.300
smartphone-smartphone,4,0.2,54.012
smartphone-smartphone,4,0.2,58.686
smartphone-smartphone,4,0.2,63.586
smartphone-smartphone,4,0.2,68.020
smartphone-smartphone,4,0.2,72.628
smartphone-smartphone,4,0.2,77.293
smartphone-smartphone,4,0.2,81.976
smartphone-smartphone,4,0.2,86.644
smartphone-smartphone,4,0.2,91.187
smartphone-smartphone,4,0.2,95.771
smartphone-smartphone,4,0.2,100.757
smartphone-smartphone,4,0.2,15.257
smartphone-smartphone,4,0.2,109.655
smartphone-smartphone,4,0.2,26.191
smartphone-smartphone,4,0.2,212.914
smartphone-smartphone,4,0.2,14.336
smartphone-smartphone,4,0.2,212.268
smartphone-smartphone,4,0.2,13.853
smartphone-smartphone,4,0.2,34.981
smartphone-smartphone,4,0.2,39.812
smartphone-smartphone,4,0.2,44.158
smartphone-smartphone,4,0.2,49.511
smartphone-smartphone,4,0.2,53.737
smartphone-smartphone,4,0.2,58.011
smartphone-smartphone,4,0.2,62.826
smartphone-smartphone,4,0.2,67.260
smartphone-smartphone,4,0.2,71.977
smartphone-smartphone,4,0.2,76.613
computer-computer,4,0.5,67.4
computer-computer,4,0.5,76.5
computer-computer,4,0.5,87.8
computer-computer,4,0.5,98.1
computer-computer,4,0.5,207
computer-computer,4,0.5,16.2
computer-computer,4,0.5,32.5
computer-computer,4,0.5,38.4
computer-computer,4,0.5,49.7
computer-computer,4,0.5,60.2
computer-computer,4,0.5,71.9
computer-computer,4,0.5,182
computer-computer,4,0.5,97.8
computer-computer,4,0.5,205
computer-computer,4,0.5,202
computer-computer,4,0.5,30.9
computer-computer,4,0.5,35.5
computer-computer,4,0.5,51.5
computer-computer,4,0.5,57.3
computer-computer,4,0.5,73.6
computer-computer,4,0.5,79.5
computer-computer,4,0.5,92.9
computer-computer,4,0.5,104
computer-computer,4,0.5,178
computer-computer,4,0.5,26.6
computer-computer,4,0.5,32.3
computer-computer,4,0.5,48.9
computer-computer,4,0.5,60.1
computer-computer,4,0.5,66.7
computer-computer,4,0.5,77.8
computer-computer,4,0.5,48.5
computer-computer,4,0.5,56.3
computer-computer,4,0.5,70.2
computer-computer,4,0.5,81.3
computer-computer,4,0.5,162
computer-computer,4,0.5,200
computer-computer,4,0.5,109
computer-computer,4,0.5,23.1
computer-computer,4,0.5,29.3
computer-computer,4,0.5,40.1
computer-computer,4,0.5,51.7
computer-computer,4,0.5,67.6
computer-computer,4,0.5,73.7
computer-computer,4,0.5,84.3
computer-computer,4,0.5,95.5
computer-computer,4,0.5,107
computer-computer,4,0.5,15.3
computer-computer,4,0.5,31.5
computer-computer,4,0.5,37.3
computer-computer,4,0.5,53.5
computer-computer,4,0.5,60.6
computer-computer,4,0.5,76.4
computer-computer,4,0.5,86.4
computer-computer,4,0.5,94.3
computer-computer,4,0.5,205
computer-computer,4,0.5,14.1
computer-computer,4,0.5,28.9
computer-computer,4,0.5,41.3
computer-computer,4,0.5,46.9
computer-computer,4,0.5,60.2
computer-computer,4,0.5,45.5
computer-computer,4,0.5,43.8
computer-computer,4,0.5,55.5
computer-computer,4,0.5,66.5
computer-computer,4,0.5,78.8
computer-computer,4,0.5,89.0
computer-computer,4,0.5,101
computer-computer,4,0.5,214
computer-computer,4,0.5,22.5
computer-computer,4,0.5,33.4
computer-computer,4,0.5,45.5
computer-computer,4,0.5,61.9
computer-computer,4,0.5,67.9
computer-computer,4,0.5,83.6
computer-computer,4,0.5,90.4
computer-computer,4,0.5,103
computer-computer,4,0.5,215
computer-computer,4,0.5,22.3
computer-computer,4,0.5,35.5
computer-computer,4,0.5,44.6
computer-computer,4,0.5,60.5
computer-computer,4,0.5,67.7
computer-computer,4,0.5,84.9
computer-computer,4,0.5,91.8
computer-computer,4,0.5,166
computer-computer,4,0.5,131
computer-computer,4,0.5,24.5
computer-computer,4,0.5,35.4
computer-computer,4,0.5,47.5
computer-computer,4,0.5,58.4
computer-computer,4,0.5,42.9
computer-computer,4,0.5,53.5
computer-computer,4,0.5,64.4
computer-computer,4,0.5,75.5
computer-computer,4,0.5,86.5
computer-computer,4,0.5,97.5
computer-computer,4,0.5,108
computer-computer,4,0.5,19.4
computer-computer,4,0.5,28.0
computer-computer,4,0.5,41.8
computer-computer,4,0.5,50.7
computer-computer,4,0.5,67.1
computer-computer,4,0.5,72.8
computer-computer,4,0.5,88.9
computer-computer,4,0.5,94.1
computer-computer,4,0.5,208
computer-computer,4,0.5,223
computer-computer,4,0.5,49.8
computer-computer,4,0.5,56.4
computer-computer,4,0.5,52.6
computer-computer,4,0.5,58.4
computer-computer,4,0.5,71.7
computer-computer,4,0.5,80.5
computer-computer,4,0.5,96.6
computer-computer,4,0.5,102
computer-computer,4,0.5,215
computer-computer,4,0.5,22.4
computer-computer,4,0.5,33.4
computer-computer,4,0.5,44.5
computer-computer,4,0.5,55.4
computer-computer,4,0.5,36.6
computer-computer,4,0.5,47.9
computer-computer,4,0.5,59.0
computer-computer,4,0.5,71.1
computer-computer,4,0.5,77.7
computer-computer,4,0.5,88.7
computer-computer,4,0.5,103
computer-computer,4,0.5,114
computer-computer,4,0.5,16.9
computer-computer,4,0.5,27.5
computer-computer,4,0.5,38.7
computer-computer,4,0.5,104
computer-computer,4,0.5,60.9
computer-computer,4,0.5,75.5
computer-computer,4,0.5,83.0
computer-computer,4,0.5,96.7
computer-computer,4,0.5,105
computer-computer,4,0.5,166
computer-computer,4,0.5,25.2
computer-computer,4,0.5,36.4
computer-computer,4,0.5,47.4
computer-computer,4,0.5,58.5
computer-computer,4,0.5,69.4
computer-computer,4,0.5,86.2
computer-computer,4,0.5,91.8
computer-computer,4,0.5,141
computer-computer,4,0.5,216
computer-computer,4,0.5,27.3
computer-computer,4,0.5,33.4
computer-computer,4,0.5,49.5
computer-smartphone,4,0.5,110
computer-smartphone,4,0.5,121
computer-smartphone,4,0.5,43.6
computer-smartphone,4,0.5,41.3
computer-smartphone,4,0.5,52.3
computer-smartphone,4,0.5,63.4
computer-smartphone,4,0.5,74.4
computer-smartphone,4,0.5,85.8
computer-smartphone,4,0.5,96.2
computer-smartphone,4,0.5,108
computer-smartphone,4,0.5,153
computer-smartphone,4,0.5,28.2
computer-smartphone,4,0.5,38.9
computer-smartphone,4,0.5,51.2
computer-smartphone,4,0.5,62.1
computer-smartphone,4,0.5,74.2
computer-smartphone,4,0.5,85.1
computer-smartphone,4,0.5,96.8
computer-smartphone,4,0.5,206
computer-smartphone,4,0.5,218
computer-smartphone,4,0.5,27.3
computer-smartphone,4,0.5,38.2
computer-smartphone,4,0.5,49.3
computer-smartphone,4,0.5,60.9
computer-smartphone,4,0.5,72.7
computer-smartphone,4,0.5,82.9
computer-smartphone,4,0.5,182
computer-smartphone,4,0.5,106
computer-smartphone,4,0.5,164
computer-smartphone,4,0.5,25.2
computer-smartphone,4,0.5,30.3
computer-smartphone,4,0.5,41.2
computer-smartphone,4,0.5,52.4
computer-smartphone,4,0.5,63.6
computer-smartphone,4,0.5,74.4
computer-smartphone,4,0.5,85.5
computer-smartphone,4,0.5,96.5
computer-smartphone,4,0.5,107
computer-smartphone,4,0.5,120
computer-smartphone,4,0.5,28.1
computer-smartphone,4,0.5,39.6
computer-smartphone,4,0.5,50.9
computer-smartphone,4,0.5,62.2
computer-smartphone,4,0.5,74.2
computer-smartphone,4,0.5,84.7
computer-smartphone,4,0.5,96.0
computer-smartphone,4,0.5,202
computer-smartphone,4,0.5,219
computer-smartphone,4,0.5,55.0
computer-smartphone,4,0.5,41.3
computer-smartphone,4,0.5,52.0
computer-smartphone,4,0.5,63.6
computer-smartphone,4,0.5,74.4
computer-smartphone,4,0.5,85.9
computer-smartphone,4,0.5,97.3
computer-smartphone,4,0.5,194
computer-smartphone,4,0.5,174
computer-smartphone,4,0.5,29.7
computer-smartphone,4,0.5,40.3
computer-smartphone,4,0.5,51.4
computer-smartphone,4,0.5,27.5
computer-smartphone,4,0.5,38.1
computer-smartphone,4,0.5,49.5
computer-smartphone,4,0.5,60.8
computer-smartphone,4,0.5,71.1
computer-smartphone,4,0.5,82.5
computer-smartphone,4,0.5,93.9
computer-smartphone,4,0.5,198
computer-smartphone,4,0.5,210
computer-smartphone,4,0.5,23.9
computer-smartphone,4,0.5,105
computer-smartphone,4,0.5,46.4
computer-smartphone,4,0.5,57.5
computer-smartphone,4,0.5,68.4
computer-smartphone,4,0.5,79.6
computer-smartphone,4,0.5,90.3
computer-smartphone,4,0.5,102
computer-smartphone,4,0.5,112
computer-smartphone,4,0.5,21.1
computer-smartphone,4,0.5,33.5
computer-smartphone,4,0.5,43.8
computer-smartphone,4,0.5,54.2
computer-smartphone,4,0.5,65.8
computer-smartphone,4,0.5,76.5
computer-smartphone,4,0.5,87.1
computer-smartphone,4,0.5,98.6
computer-smartphone,4,0.5,208
computer-smartphone,4,0.5,220
computer-smartphone,4,0.5,29.8
computer-smartphone,4,0.5,40.2
computer-smartphone,4,0.5,37.4
computer-smartphone,4,0.5,50.4
computer-smartphone,4,0.5,60.8
computer-smartphone,4,0.5,72.8
computer-smartphone,4,0.5,83.1
computer-smartphone,4,0.5,233
computer-smartphone,4,0.5,205
computer-smartphone,4,0.5,213
computer-smartphone,4,0.5,27.3
computer-smartphone,4,0.5,39.5
computer-smartphone,4,0.5,50.4
computer-smartphone,4,0.5,62.5
computer-smartphone,4,0.5,73.9
computer-smartphone,4,0.5,85.1
computer-smartphone,4,0.5,96.6
computer-smartphone,4,0.5,203
computer-smartphone,4,0.5,120
computer-smartphone,4,0.5,29.5
computer-smartphone,4,0.5,40.2
computer-smartphone,4,0.5,53.2
computer-smartphone,4,0.5,63.6
computer-smartphone,4,0.5,76.2
computer-smartphone,4,0.5,86.8
computer-smartphone,4,0.5,98.7
computer-smartphone,4,0.5,109
computer-smartphone,4,0.5,122
computer-smartphone,4,0.5,31.1
computer-smartphone,4,0.5,43.3
computer-smartphone,4,0.5,55.3
computer-smartphone,4,0.5,67.2
computer-smartphone,4,0.5,212
computer-smartphone,4,0.5,28.0
computer-smartphone,4,0.5,63.3
computer-smartphone,4,0.5,64.3
computer-smartphone,4,0.5,57.3
computer-smartphone,4,0.5,73.4
computer-smartphone,4,0.5,84.6
computer-smartphone,4,0.5,95.1
computer-smartphone,4,0.5,107
computer-smartphone,4,0.5,212
computer-smartphone,4,0.5,26.4
computer-smartphone,4,0.5,37.6
computer-smartphone,4,0.5,48.1
computer-smartphone,4,0.5,59.5
computer-smartphone,4,0.5,70.4
computer-smartphone,4,0.5,82.1
computer-smartphone,4,0.5,93.0
computer-smartphone,4,0.5,306
computer-smartphone,4,0.5,210
computer-smartphone,4,0.5,26.2
computer-smartphone,4,0.5,37.3
computer-smartphone,4,0.5,48.9
computer-smartphone,4,0.5,59.1
computer-smartphone,4,0.5,71.1
computer-smartphone,4,0.5,82.4
computer-smartphone,4,0.5,93.6
computer-smartphone,4,0.5,198
computer-smartphone,4,0.5,211
computer-smartphone,4,0.5,79.4
computer-smartphone,4,0.5,36.8
smartphone-computer,4,0.5,0.973
smartphone-computer,4,0.5,13.663
smartphone-computer,4,0.5,13.649
smartphone-computer,4,0.5,14.637
smartphone-computer,4,0.5,14.087
smartphone-computer,4,0.5,13.726
smartphone-computer,4,0.5,31.391
smartphone-computer,4,0.5,58.230
smartphone-computer,4,0.5,70.098
smartphone-computer,4,0.5,82.324
smartphone-computer,4,0.5,14.037
smartphone-computer,4,0.5,10.548
smartphone-computer,4,0.5,14.074
smartphone-computer,4,0.5,13.705
smartphone-computer,4,0.5,13.694
smartphone-computer,4,0.5,21.688
smartphone-computer,4,0.5,13.751
smartphone-computer,4,0.5,79.328
smartphone-computer,4,0.5,90.923
smartphone-computer,4,0.5,70.446
smartphone-computer,4,0.5,109.664
smartphone-computer,4,0.5,92.753
smartphone-computer,4,0.5,31.552
smartphone-computer,4,0.5,48.210
smartphone-computer,4,0.5,13.915
smartphone-computer,4,0.5,66.168
smartphone-computer,4,0.5,77.927
smartphone-computer,4,0.5,89.851
smartphone-computer,4,0.5,101.603
smartphone-computer,4,0.5,220.119
smartphone-computer,4,0.5,1.055
smartphone-computer,4,0.5,13.730
smartphone-computer,4,0.5,13.685
smartphone-computer,4,0.5,13.644
smartphone-computer,4,0.5,13.620
smartphone-computer,4,0.5,103.270
smartphone-computer,4,0.5,13.835
smartphone-computer,4,0.5,233.187
smartphone-computer,4,0.5,35.866
smartphone-computer,4,0.5,52.740
smartphone-computer,4,0.5,59.474
smartphone-computer,4,0.5,76.397
smartphone-computer,4,0.5,83.146
smartphone-computer,4,0.5,100.005
smartphone-computer,4,0.5,11.491
smartphone-computer,4,0.5,225.500
smartphone-computer,4,0.5,9.713
smartphone-computer,4,0.5,39.845
smartphone-computer,4,0.5,33.070
smartphone-computer,4,0.5,68.528
smartphone-computer,4,0.5,56.586
smartphone-computer,4,0.5,92.052
smartphone-computer,4,0.5,98.820
smartphone-computer,4,0.5,217.316
smartphone-computer,4,0.5,20.090
smartphone-computer,4,0.5,59.673
smartphone-computer,4,0.5,66.749
smartphone-computer,4,0.5,13.645
smartphone-computer,4,0.5,67.392
smartphone-computer,4,0.5,84.952
smartphone-computer,4,0.5,1.147
smartphone-computer,4,0.5,104.096
smartphone-computer,4,0.5,15.550
smartphone-computer,4,0.5,229.180
smartphone-computer,4,0.5,31.922
smartphone-computer,4,0.5,48.458
smartphone-computer,4,0.5,54.975
smartphone-computer,4,0.5,72.215
smartphone-computer,4,0.5,78.814
smartphone-computer,4,0.5,13.908
smartphone-computer,4,0.5,14.179
smartphone-computer,4,0.5,14.402
smartphone-computer,4,0.5,14.209
smartphone-computer,4,0.5,31.273
smartphone-computer,4,0.5,64.467
smartphone-computer,4,0.5,54.724
smartphone-computer,4,0.5,70.160
smartphone-computer,4,0.5,81.916
smartphone-computer,4,0.5,93.601
smartphone-computer,4,0.5,105.384
smartphone-computer,4,0.5,223.805
smartphone-computer,4,0.5,26.352
smartphone-computer,4,0.5,43.133
smartphone-computer,4,0.5,49.820
smartphone-computer,4,0.5,36.037
smartphone-computer,4,0.5,73.286
smartphone-computer,4,0.5,13.886
smartphone-computer,4,0.5,96.785
smartphone-computer,4,0.5,13.669
smartphone-computer,4,0.5,227.072
smartphone-computer,4,0.5,1.194
smartphone-computer,4,0.5,36.416
smartphone-computer,4,0.5,56.805
smartphone-computer,4,0.5,14.065
smartphone-computer,4,0.5,80.692
smartphone-computer,4,0.5,99.181
smartphone-computer,4,0.5,103.608
smartphone-computer,4,0.5,40.357
smartphone-computer,4,0.5,19.905
smartphone-computer,4,0.5,14.058
smartphone-computer,4,0.5,43.198
smartphone-computer,4,0.5,14.400
smartphone-computer,4,0.5,14.037
smartphone-computer,4,0.5,66.490
smartphone-computer,4,0.5,90.165
smartphone-computer,4,0.5,72.374
smartphone-computer,4,0.5,113.596
smartphone-computer,4,0.5,99.886
smartphone-computer,4,0.5,34.708
smartphone-computer,4,0.5,13.913
smartphone-computer,4,0.5,63.202
smartphone-computer,4,0.5,75.121
smartphone-computer,4,0.5,13.958
smartphone-computer,4,0.5,93.502
smartphone-computer,4,0.5,10.863
smartphone-computer,4,0.5,223.575
smartphone-computer,4,0.5,9.371
smartphone-computer,4,0.5,43.035
smartphone-computer,4,0.5,13.952
smartphone-computer,4,0.5,93.286
smartphone-computer,4,0.5,0.976
smartphone-computer,4,0.5,13.721
smartphone-computer,4,0.5,13.907
smartphone-computer,4,0.5,60.426
smartphone-computer,4,0.5,13.332
smartphone-computer,4,0.5,69.186
smartphone-computer,4,0.5,13.832
smartphone-computer,4,0.5,47.185
smartphone-computer,4,0.5,14.200
smartphone-computer,4,0.5,70.335
smartphone-computer,4,0.5,13.655
smartphone-computer,4,0.5,94.738
smartphone-computer,4,0.5,13.725
smartphone-computer,4,0.5,219.154
smartphone-computer,4,0.5,4.277
smartphone-computer,4,0.5,33.710
smartphone-computer,4,0.5,13.674
smartphone-computer,4,0.5,62.416
smartphone-computer,4,0.5,69.209
smartphone-computer,4,0.5,86.062
smartphone-computer,4,0.5,199.537
smartphone-computer,4,0.5,109.435
smartphone-computer,4,0.5,223.226
smartphone-computer,4,0.5,26.003
smartphone-computer,4,0.5,43.207
smartphone-computer,4,0.5,49.754
smartphone-computer,4,0.5,13.685
smartphone-computer,4,0.5,69.369
smartphone-computer,4,0.5,13.689
smartphone-computer,4,0.5,5.386
smartphone-smartphone,4,0.5,73.447
smartphone-smartphone,4,0.5,84.943
smartphone-smartphone,4,0.5,96.753
smartphone-smartphone,4,0.5,207.385
smartphone-smartphone,4,0.5,219.169
smartphone-smartphone,4,0.5,29.852
smartphone-smartphone,4,0.5,41.589
smartphone-smartphone,4,0.5,53.979
smartphone-smartphone,4,0.5,65.203
smartphone-smartphone,4,0.5,76.928
smartphone-smartphone,4,0.5,88.900
smartphone-smartphone,4,0.5,100.732
smartphone-smartphone,4,0.5,112.520
smartphone-smartphone,4,0.5,223.592
smartphone-smartphone,4,0.5,33.889
smartphone-smartphone,4,0.5,45.583
smartphone-smartphone,4,0.5,57.382
smartphone-smartphone,4,0.5,69.149
smartphone-smartphone,4,0.5,81.037
smartphone-smartphone,4,0.5,92.743
smartphone-smartphone,4,0.5,105.233
smartphone-smartphone,4,0.5,215.307
smartphone-smartphone,4,0.5,25.893
smartphone-smartphone,4,0.5,37.826
smartphone-smartphone,4,0.5,49.452
smartphone-smartphone,4,0.5,61.213
smartphone-smartphone,4,0.5,73.142
smartphone-smartphone,4,0.5,84.958
smartphone-smartphone,4,0.5,96.753
smartphone-smartphone,4,0.5,108.565
smartphone-smartphone,4,0.5,46.215
smartphone-smartphone,4,0.5,58.003
smartphone-smartphone,4,0.5,69.620
smartphone-smartphone,4,0.5,81.335
smartphone-smartphone,4,0.5,93.178
smartphone-smartphone,4,0.5,105.053
smartphone-smartphone,4,0.5,215.565
smartphone-smartphone,4,0.5,25.968
smartphone-smartphone,4,0.5,37.938
smartphone-smartphone,4,0.5,49.453
smartphone-smartphone,4,0.5,61.440
smartphone-smartphone,4,0.5,72.862
smartphone-smartphone,4,0.5,84.765
smartphone-smartphone,4,0.5,96.334
smartphone-smartphone,4,0.5,108.231
smartphone-smartphone,4,0.5,218.620
smartphone-smartphone,4,0.5,29.103
smartphone-smartphone,4,0.5,40.872
smartphone-smartphone,4,0.5,52.765
smartphone-smartphone,4,0.5,64.327
smartphone-smartphone,4,0.5,76.006
smartphone-smartphone,4,0.5,87.731
smartphone-smartphone,4,0.5,99.506
smartphone-smartphone,4,0.5,112.086
smartphone-smartphone,4,0.5,221.864
smartphone-smartphone,4,0.5,32.629
smartphone-smartphone,4,0.5,44.033
smartphone-smartphone,4,0.5,56.109
smartphone-smartphone,4,0.5,67.718
smartphone-smartphone,4,0.5,79.232
smartphone-smartphone,4,0.5,22.509
smartphone-smartphone,4,0.5,34.216
smartphone-smartphone,4,0.5,45.665
smartphone-smartphone,4,0.5,57.564
smartphone-smartphone,4,0.5,69.248
smartphone-smartphone,4,0.5,81.105
smartphone-smartphone,4,0.5,92.887
smartphone-smartphone,4,0.5,104.806
smartphone-smartphone,4,0.5,215.618
smartphone-smartphone,4,0.5,26.322
smartphone-smartphone,4,0.5,37.799
smartphone-smartphone,4,0.5,50.078
smartphone-smartphone,4,0.5,13.787
smartphone-smartphone,4,0.5,73.604
smartphone-smartphone,4,0.5,85.010
smartphone-smartphone,4,0.5,97.166
smartphone-smartphone,4,0.5,207.561
smartphone-smartphone,4,0.5,219.466
smartphone-smartphone,4,0.5,29.852
smartphone-smartphone,4,0.5,41.797
smartphone-smartphone,4,0.5,53.601
smartphone-smartphone,4,0.5,65.217
smartphone-smartphone,4,0.5,24.604
smartphone-smartphone,4,0.5,88.875
smartphone-smartphone,4,0.5,100.997
smartphone-smartphone,4,0.5,211.395
smartphone-smartphone,4,0.5,223.205
smartphone-smartphone,4,0.5,34.464
smartphone-smartphone,4,0.5,45.533
smartphone-smartphone,4,0.5,57.289
smartphone-smartphone,4,0.5,85.654
smartphone-smartphone,4,0.5,97.479
smartphone-smartphone,4,0.5,109.161
smartphone-smartphone,4,0.5,219.879
smartphone-smartphone,4,0.5,0.783
smartphone-smartphone,4,0.5,42.239
smartphone-smartphone,4,0.5,54.067
smartphone-smartphone,4,0.5,65.816
smartphone-smartphone,4,0.5,77.921
smartphone-smartphone,4,0.5,89.531
smartphone-smartphone,4,0.5,101.685
smartphone-smartphone,4,0.5,211.975
smartphone-smartphone,4,0.5,224.033
smartphone-smartphone,4,0.5,36.010
smartphone-smartphone,4,0.5,46.200
smartphone-smartphone,4,0.5,57.969
smartphone-smartphone,4,0.5,70.034
smartphone-smartphone,4,0.5,81.746
smartphone-smartphone,4,0.5,93.413
smartphone-smartphone,4,0.5,105.182
smartphone-smartphone,4,0.5,215.980
smartphone-smartphone,4,0.5,26.682
smartphone-smartphone,4,0.5,38.542
smartphone-smartphone,4,0.5,57.393
smartphone-smartphone,4,0.5,61.799
smartphone-smartphone,4,0.5,73.702
smartphone-smartphone,4,0.5,85.738
smartphone-smartphone,4,0.5,97.222
smartphone-smartphone,4,0.5,207.949
smartphone-smartphone,4,0.5,219.776
smartphone-smartphone,4,0.5,103.764
smartphone-smartphone,4,0.5,213.716
smartphone-smartphone,4,0.5,24.126
smartphone-smartphone,4,0.5,35.821
smartphone-smartphone,4,0.5,47.582
smartphone-smartphone,4,0.5,59.308
smartphone-smartphone,4,0.5,71.372
smartphone-smartphone,4,0.5,82.808
smartphone-smartphone,4,0.5,94.584
smartphone-smartphone,4,0.5,106.256
smartphone-smartphone,4,0.5,216.890
smartphone-smartphone,4,0.5,27.331
smartphone-smartphone,4,0.5,39.062
smartphone-smartphone,4,0.5,50.783
smartphone-smartphone,4,0.5,62.517
smartphone-smartphone,4,0.5,74.341
smartphone-smartphone,4,0.5,86.109
smartphone-smartphone,4,0.5,97.729
smartphone-smartphone,4,0.5,208.365
smartphone-smartphone,4,0.5,220.425
smartphone-smartphone,4,0.5,30.612
smartphone-smartphone,4,0.5,42.317
smartphone-smartphone,4,0.5,54.024
smartphone-smartphone,4,0.5,65.793
smartphone-smartphone,4,0.5,77.778
smartphone-smartphone,4,0.5,89.420
smartphone-smartphone,4,0.5,101.210
smartphone-smartphone,4,0.5,211.702
smartphone-smartphone,4,0.5,223.310
smartphone-smartphone,4,0.5,34.048
computer-computer,4,1,54.2
computer-computer,4,1,76.3
computer-computer,4,1,96.2
computer-computer,4,1,217
computer-computer,4,1,143
computer-computer,4,1,61.1
computer-computer,4,1,83.9
computer-computer,4,1,211
computer-computer,4,1,26.3
computer-computer,4,1,48.9
computer-computer,4,1,71.2
computer-computer,4,1,94.4
computer-computer,4,1,224
computer-computer,4,1,43.3
computer-computer,4,1,65.9
computer-computer,4,1,89.9
computer-computer,4,1,189
computer-computer,4,1,26.6
computer-computer,4,1,48.9
computer-computer,4,1,177
computer-computer,4,1,93.3
computer-computer,4,1,116
computer-computer,4,1,36.6
computer-computer,4,1,59.8
computer-computer,4,1,81.9
computer-computer,4,1,211
computer-computer,4,1,28.6
computer-computer,4,1,52.9
computer-computer,4,1,74.9
computer-computer,4,1,95.1
computer-computer,4,1,219
computer-computer,4,1,32.4
computer-computer,4,1,74.4
computer-computer,4,1,77.5
computer-computer,4,1,99.9
computer-computer,4,1,23.3
computer-computer,4,1,48.1
computer-computer,4,1,71.4
computer-computer,4,1,88.6
computer-computer,4,1,124
computer-computer,4,1,31.8
computer-computer,4,1,54.0
computer-computer,4,1,76.9
computer-computer,4,1,100
computer-computer,4,1,20.4
computer-computer,4,1,64.1
computer-computer,4,1,66.4
computer-computer,4,1,89.0
computer-computer,4,1,214
computer-computer,4,1,37.8
computer-computer,4,1,60.2
computer-computer,4,1,78.7
computer-computer,4,1,206
computer-computer,4,1,25.5
computer-computer,4,1,48.0
computer-computer,4,1,73.8
computer-computer,4,1,97.0
computer-computer,4,1,235
computer-computer,4,1,41.1
computer-computer,4,1,63.2
computer-computer,4,1,44.7
computer-computer,4,1,67.5
computer-computer,4,1,89.9
computer-computer,4,1,214
computer-computer,4,1,38.3
computer-computer,4,1,60.9
computer-computer,4,1,80.3
computer-computer,4,1,106
computer-computer,4,1,20.5
computer-computer,4,1,59.2
computer-computer,4,1,67.0
computer-computer,4,1,89.9
computer-computer,4,1,161
computer-computer,4,1,33.4
computer-computer,4,1,58.2
computer-computer,4,1,78.9
computer-computer,4,1,104
computer-computer,4,1,21.7
computer-computer,4,1,49.5
computer-computer,4,1,66.3
computer-computer,4,1,94.1
computer-computer,4,1,214
computer-computer,4,1,32.6
computer-computer,4,1,55.6
computer-computer,4,1,78.0
computer-computer,4,1,101
computer-computer,4,1,26.0
computer-computer,4,1,44.4
computer-computer,4,1,67.0
computer-computer,4,1,89.9
computer-computer,4,1,35.5
computer-computer,4,1,58.0
computer-computer,4,1,80.9
computer-computer,4,1,205
computer-computer,4,1,24.4
computer-computer,4,1,46.9
computer-computer,4,1,69.0
computer-computer,4,1,97.9
computer-computer,4,1,160
computer-computer,4,1,38.8
computer-computer,4,1,62.1
computer-computer,4,1,84.7
computer-computer,4,1,103
computer-computer,4,1,22.7
computer-computer,4,1,45.2
computer-computer,4,1,73.3
computer-computer,4,1,91.1
computer-computer,4,1,216
computer-computer,4,1,84.6
computer-computer,4,1,56.5
computer-computer,4,1,78.9
computer-computer,4,1,209
computer-computer,4,1,21.9
computer-computer,4,1,43.9
computer-computer,4,1,67.5
computer-computer,4,1,90.0
computer-computer,4,1,215
computer-computer,4,1,33.1
computer-computer,4,1,56.3
computer-computer,4,1,79.0
computer-computer,4,1,30.5
computer-computer,4,1,48.9
computer-computer,4,1,172
computer-computer,4,1,93.7
computer-computer,4,1,222
computer-computer,4,1,36.5
computer-computer,4,1,62.4
computer-computer,4,1,81.5
computer-computer,4,1,108
computer-computer,4,1,31.8
computer-computer,4,1,52.8
computer-computer,4,1,74.7
computer-computer,4,1,97.1
computer-computer,4,1,133
computer-computer,4,1,35.0
computer-computer,4,1,71.8
computer-computer,4,1,85.1
computer-computer,4,1,205
computer-computer,4,1,29.2
computer-computer,4,1,51.8
computer-computer,4,1,71.3
computer-computer,4,1,97.6
computer-computer,4,1,222
computer-computer,4,1,35.0
computer-computer,4,1,57.9
computer-computer,4,1,80.9
computer-computer,4,1,103
computer-computer,4,1,29.1
computer-computer,4,1,47.0
computer-computer,4,1,69.7
computer-smartphone,4,1,123
computer-smartphone,4,1,28.1
computer-smartphone,4,1,50.9
computer-smartphone,4,1,73.0
computer-smartphone,4,1,222
computer-smartphone,4,1,120
computer-smartphone,4,1,39.9
computer-smartphone,4,1,62.4
computer-smartphone,4,1,85.0
computer-smartphone,4,1,202
computer-smartphone,4,1,28.0
computer-smartphone,4,1,51.6
computer-smartphone,4,1,73.3
computer-smartphone,4,1,96.1
computer-smartphone,4,1,217
computer-smartphone,4,1,39.9
computer-smartphone,4,1,63.1
computer-smartphone,4,1,85.4
computer-smartphone,4,1,109
computer-smartphone,4,1,93.6
computer-smartphone,4,1,52.1
computer-smartphone,4,1,75.7
computer-smartphone,4,1,97.7
computer-smartphone,4,1,219
computer-smartphone,4,1,41.0
computer-smartphone,4,1,64.0
computer-smartphone,4,1,86.9
computer-smartphone,4,1,203
computer-smartphone,4,1,29.3
computer-smartphone,4,1,52.9
computer-smartphone,4,1,218
computer-smartphone,4,1,37.8
computer-smartphone,4,1,60.9
computer-smartphone,4,1,183
computer-smartphone,4,1,203
computer-smartphone,4,1,26.2
computer-smartphone,4,1,49.3
computer-smartphone,4,1,71.9
computer-smartphone,4,1,94.4
computer-smartphone,4,1,117
computer-smartphone,4,1,37.5
computer-smartphone,4,1,59.9
computer-smartphone,4,1,83.0
computer-smartphone,4,1,200
computer-smartphone,4,1,25.8
computer-smartphone,4,1,245
computer-smartphone,4,1,71.7
computer-smartphone,4,1,94.0
computer-smartphone,4,1,154
computer-smartphone,4,1,37.6
computer-smartphone,4,1,60.2
computer-smartphone,4,1,82.7
computer-smartphone,4,1,199
computer-smartphone,4,1,24.9
computer-smartphone,4,1,47.1
computer-smartphone,4,1,70.1
computer-smartphone,4,1,93.6
computer-smartphone,4,1,211
computer-smartphone,4,1,36.0
computer-smartphone,4,1,59.1
computer-smartphone,4,1,39.2
computer-smartphone,4,1,62.8
computer-smartphone,4,1,84.7
computer-smartphone,4,1,108
computer-smartphone,4,1,28.2
computer-smartphone,4,1,50.7
computer-smartphone,4,1,73.6
computer-smartphone,4,1,96.5
computer-smartphone,4,1,213
computer-smartphone,4,1,39.1
computer-smartphone,4,1,80.1
computer-smartphone,4,1,84.8
computer-smartphone,4,1,206
computer-smartphone,4,1,27.6
computer-smartphone,4,1,50.0
computer-smartphone,4,1,73.0
computer-smartphone,4,1,96.1
computer-smartphone,4,1,214
computer-smartphone,4,1,39.5
computer-smartphone,4,1,62.7
computer-smartphone,4,1,85.1
computer-smartphone,4,1,202
computer-smartphone,4,1,29.1
computer-smartphone,4,1,52.2
computer-smartphone,4,1,74.6
computer-smartphone,4,1,97.1
computer-smartphone,4,1,214
computer-smartphone,4,1,40.7
computer-smartphone,4,1,63.1
computer-smartphone,4,1,86.1
computer-smartphone,4,1,25.7
computer-smartphone,4,1,47.9
computer-smartphone,4,1,70.0
computer-smartphone,4,1,93.3
computer-smartphone,4,1,116
computer-smartphone,4,1,36.6
computer-smartphone,4,1,59.2
computer-smartphone,4,1,81.9
computer-smartphone,4,1,104
computer-smartphone,4,1,24.5
computer-smartphone,4,1,47.2
computer-smartphone,4,1,69.6
computer-smartphone,4,1,92.6
computer-smartphone,4,1,193
computer-smartphone,4,1,35.5
computer-smartphone,4,1,100
computer-smartphone,4,1,81.1
computer-smartphone,4,1,160
computer-smartphone,4,1,24.7
computer-smartphone,4,1,47.1
computer-smartphone,4,1,70.7
computer-smartphone,4,1,93.2
computer-smartphone,4,1,116
computer-smartphone,4,1,36.8
computer-smartphone,4,1,58.8
computer-smartphone,4,1,82.0
computer-smartphone,4,1,105
computer-smartphone,4,1,24.6
computer-smartphone,4,1,71.9
computer-smartphone,4,1,69.0
computer-smartphone,4,1,36.5
computer-smartphone,4,1,59.5
computer-smartphone,4,1,81.6
computer-smartphone,4,1,198
computer-smartphone,4,1,24.1
computer-smartphone,4,1,46.7
computer-smartphone,4,1,69.2
computer-smartphone,4,1,91.9
computer-smartphone,4,1,213
computer-smartphone,4,1,34.4
computer-smartphone,4,1,56.7
computer-smartphone,4,1,94.8
computer-smartphone,4,1,102
computer-smartphone,4,1,162
computer-smartphone,4,1,45.0
computer-smartphone,4,1,68.6
computer-smartphone,4,1,90.3
computer-smartphone,4,1,113
computer-smartphone,4,1,33.6
computer-smartphone,4,1,55.8
computer-smartphone,4,1,78.7
computer-smartphone,4,1,102
computer-smartphone,4,1,23.0
computer-smartphone,4,1,47.1
computer-smartphone,4,1,68.9
computer-smartphone,4,1,246
computer-smartphone,4,1,204
computer-smartphone,4,1,33.4
computer-smartphone,4,1,55.6
computer-smartphone,4,1,78.2
smartphone-computer,4,1,1.122
smartphone-computer,4,1,93.726
smartphone-computer,4,1,224.072
smartphone-computer,4,1,38.731
smartphone-computer,4,1,62.427
smartphone-computer,4,1,86.324
smartphone-computer,4,1,216.744
smartphone-computer,4,1,31.021
smartphone-computer,4,1,13.962
smartphone-computer,4,1,17.046
smartphone-computer,4,1,40.892
smartphone-computer,4,1,232.867
smartphone-computer,4,1,47.561
smartphone-computer,4,1,5.570
smartphone-computer,4,1,12.051
smartphone-computer,4,1,21.781
smartphone-computer,4,1,45.470
smartphone-computer,4,1,68.930
smartphone-computer,4,1,87.577
smartphone-computer,4,1,218.274
smartphone-computer,4,1,24.671
smartphone-computer,4,1,45.935
smartphone-computer,4,1,14.658
smartphone-computer,4,1,104.123
smartphone-computer,4,1,234.375
smartphone-computer,4,1,49.138
smartphone-computer,4,1,73.470
smartphone-computer,4,1,203.516
smartphone-computer,4,1,227.190
smartphone-computer,4,1,13.967
smartphone-computer,4,1,1.195
smartphone-computer,4,1,64.904
smartphone-computer,4,1,69.951
smartphone-computer,4,1,107.296
smartphone-computer,4,1,28.529
smartphone-computer,4,1,14.039
smartphone-computer,4,1,13.864
smartphone-computer,4,1,18.685
smartphone-computer,4,1,16.649
smartphone-computer,4,1,50.932
smartphone-computer,4,1,10.731
smartphone-computer,4,1,35.895
smartphone-computer,4,1,45.165
smartphone-computer,4,1,42.170
smartphone-computer,4,1,63.842
smartphone-computer,4,1,77.031
smartphone-computer,4,1,12.985
smartphone-computer,4,1,35.216
smartphone-computer,4,1,53.748
smartphone-computer,4,1,82.569
smartphone-computer,4,1,106.412
smartphone-computer,4,1,49.355
smartphone-computer,4,1,52.365
smartphone-computer,4,1,74.952
smartphone-computer,4,1,98.736
smartphone-computer,4,1,224.008
smartphone-computer,4,1,38.604
smartphone-computer,4,1,62.445
smartphone-computer,4,1,86.162
smartphone-computer,4,1,109.910
smartphone-computer,4,1,1.178
smartphone-computer,4,1,10.881
smartphone-computer,4,1,13.911
smartphone-computer,4,1,50.391
smartphone-computer,4,1,11.670
smartphone-computer,4,1,5.477
smartphone-computer,4,1,13.941
smartphone-computer,4,1,15.337
smartphone-computer,4,1,29.955
smartphone-computer,4,1,57.678
smartphone-computer,4,1,102.670
smartphone-computer,4,1,35.581
smartphone-computer,4,1,59.248
smartphone-computer,4,1,83.012
smartphone-computer,4,1,53.072
smartphone-computer,4,1,13.898
smartphone-computer,4,1,14.079
smartphone-computer,4,1,14.058
smartphone-computer,4,1,5.749
smartphone-computer,4,1,13.915
smartphone-computer,4,1,13.972
smartphone-computer,4,1,14.097
smartphone-computer,4,1,13.941
smartphone-computer,4,1,222.357
smartphone-computer,4,1,37.118
smartphone-computer,4,1,65.864
smartphone-computer,4,1,84.484
smartphone-computer,4,1,113.224
smartphone-computer,4,1,29.373
smartphone-computer,4,1,13.984
smartphone-computer,4,1,1.060
smartphone-computer,4,1,5.461
smartphone-computer,4,1,13.667
smartphone-computer,4,1,47.870
smartphone-computer,4,1,13.751
smartphone-computer,4,1,13.770
smartphone-computer,4,1,23.742
smartphone-computer,4,1,40.730
smartphone-computer,4,1,59.332
smartphone-computer,4,1,63.690
smartphone-computer,4,1,82.802
smartphone-computer,4,1,28.711
smartphone-computer,4,1,52.203
smartphone-computer,4,1,76.322
smartphone-computer,4,1,49.512
smartphone-computer,4,1,71.868
smartphone-computer,4,1,13.652
smartphone-computer,4,1,74.212
smartphone-computer,4,1,98.327
smartphone-computer,4,1,223.624
smartphone-computer,4,1,38.436
smartphone-computer,4,1,62.130
smartphone-computer,4,1,85.853
smartphone-computer,4,1,14.617
smartphone-computer,4,1,240.658
smartphone-computer,4,1,13.677
smartphone-computer,4,1,83.941
smartphone-computer,4,1,102.664
smartphone-computer,4,1,233.290
smartphone-computer,4,1,13.911
smartphone-computer,4,1,1.447
smartphone-computer,4,1,11.533
smartphone-computer,4,1,13.971
smartphone-computer,4,1,48.618
smartphone-computer,4,1,77.527
smartphone-computer,4,1,13.964
smartphone-computer,4,1,226.340
smartphone-computer,4,1,13.976
smartphone-computer,4,1,66.971
smartphone-computer,4,1,88.592
smartphone-computer,4,1,219.027
smartphone-computer,4,1,13.911
smartphone-computer,4,1,14.221
smartphone-computer,4,1,81.175
smartphone-computer,4,1,104.705
smartphone-computer,4,1,26.296
smartphone-computer,4,1,13.910
smartphone-computer,4,1,73.595
smartphone-computer,4,1,97.311
smartphone-computer,4,1,227.816
smartphone-computer,4,1,42.345
smartphone-computer,4,1,66.088
smartphone-computer,4,1,98.937
smartphone-computer,4,1,220.581
smartphone-computer,4,1,40.045
smartphone-computer,4,1,64.800
smartphone-computer,4,1,87.645
smartphone-computer,4,1,11.003
smartphone-computer,4,1,14.539
smartphone-computer,4,1,13.915
smartphone-smartphone,4,1,85.349
smartphone-smartphone,4,1,110.562
smartphone-smartphone,4,1,233.100
smartphone-smartphone,4,1,56.319
smartphone-smartphone,4,1,79.805
smartphone-smartphone,4,1,103.499
smartphone-smartphone,4,1,225.952
smartphone-smartphone,4,1,48.710
smartphone-smartphone,4,1,72.589
smartphone-smartphone,4,1,96.074
smartphone-smartphone,4,1,120.196
smartphone-smartphone,4,1,41.461
smartphone-smartphone,4,1,65.420
smartphone-smartphone,4,1,89.295
smartphone-smartphone,4,1,211.911
smartphone-smartphone,4,1,34.445
smartphone-smartphone,4,1,58.102
smartphone-smartphone,4,1,81.889
smartphone-smartphone,4,1,105.808
smartphone-smartphone,4,1,228.729
smartphone-smartphone,4,1,50.991
smartphone-smartphone,4,1,75.070
smartphone-smartphone,4,1,98.657
smartphone-smartphone,4,1,122.450
smartphone-smartphone,4,1,43.788
smartphone-smartphone,4,1,67.709
smartphone-smartphone,4,1,91.417
smartphone-smartphone,4,1,115.206
smartphone-smartphone,4,1,36.750
smartphone-smartphone,4,1,60.523
smartphone-smartphone,4,1,85.816
smartphone-smartphone,4,1,208.099
smartphone-smartphone,4,1,231.893
smartphone-smartphone,4,1,54.720
smartphone-smartphone,4,1,78.449
smartphone-smartphone,4,1,102.319
smartphone-smartphone,4,1,225.118
smartphone-smartphone,4,1,47.402
smartphone-smartphone,4,1,71.207
smartphone-smartphone,4,1,95.087
smartphone-smartphone,4,1,217.830
smartphone-smartphone,4,1,40.241
smartphone-smartphone,4,1,64.055
smartphone-smartphone,4,1,87.914
smartphone-smartphone,4,1,111.768
smartphone-smartphone,4,1,33.528
smartphone-smartphone,4,1,57.003
smartphone-smartphone,4,1,80.792
smartphone-smartphone,4,1,104.662
smartphone-smartphone,4,1,227.354
smartphone-smartphone,4,1,49.841
smartphone-smartphone,4,1,73.725
smartphone-smartphone,4,1,97.461
smartphone-smartphone,4,1,95.789
smartphone-smartphone,4,1,43.243
smartphone-smartphone,4,1,66.803
smartphone-smartphone,4,1,90.352
smartphone-smartphone,4,1,212.876
smartphone-smartphone,4,1,35.564
smartphone-smartphone,4,1,59.609
smartphone-smartphone,4,1,57.343
smartphone-smartphone,4,1,81.341
smartphone-smartphone,4,1,105.001
smartphone-smartphone,4,1,227.938
smartphone-smartphone,4,1,50.195
smartphone-smartphone,4,1,73.993
smartphone-smartphone,4,1,97.781
smartphone-smartphone,4,1,220.487
smartphone-smartphone,4,1,43.077
smartphone-smartphone,4,1,66.777
smartphone-smartphone,4,1,90.653
smartphone-smartphone,4,1,213.355
smartphone-smartphone,4,1,36.208
smartphone-smartphone,4,1,59.994
smartphone-smartphone,4,1,83.736
smartphone-smartphone,4,1,107.543
smartphone-smartphone,4,1,230.159
smartphone-smartphone,4,1,52.736
smartphone-smartphone,4,1,76.513
smartphone-smartphone,4,1,100.467
smartphone-smartphone,4,1,223.186
smartphone-smartphone,4,1,46.135
smartphone-smartphone,4,1,69.864
smartphone-smartphone,4,1,93.546
smartphone-smartphone,4,1,216.262
smartphone-smartphone,4,1,38.775
smartphone-smartphone,4,1,62.669
smartphone-smartphone,4,1,86.520
smartphone-smartphone,4,1,110.363
smartphone-smartphone,4,1,233.354
smartphone-smartphone,4,1,66.161
smartphone-smartphone,4,1,89.781
smartphone-smartphone,4,1,212.665
smartphone-smartphone,4,1,34.808
smartphone-smartphone,4,1,60.527
smartphone-smartphone,4,1,82.434
smartphone-smartphone,4,1,106.474
smartphone-smartphone,4,1,228.913
smartphone-smartphone,4,1,51.396
smartphone-smartphone,4,1,75.278
smartphone-smartphone,4,1,92.860
smartphone-smartphone,4,1,221.769
smartphone-smartphone,4,1,44.282
smartphone-smartphone,4,1,68.489
smartphone-smartphone,4,1,91.928
smartphone-smartphone,4,1,214.672
smartphone-smartphone,4,1,37.393
smartphone-smartphone,4,1,61.081
smartphone-smartphone,4,1,85.040
smartphone-smartphone,4,1,207.594
smartphone-smartphone,4,1,231.689
smartphone-smartphone,4,1,54.184
smartphone-smartphone,4,1,77.756
smartphone-smartphone,4,1,101.818
smartphone-smartphone,4,1,224.454
smartphone-smartphone,4,1,47.185
smartphone-smartphone,4,1,70.841
smartphone-smartphone,4,1,94.800
smartphone-smartphone,4,1,217.543
smartphone-smartphone,4,1,39.735
smartphone-smartphone,4,1,107.564
smartphone-smartphone,4,1,230.034
smartphone-smartphone,4,1,52.785
smartphone-smartphone,4,1,76.283
smartphone-smartphone,4,1,100.592
smartphone-smartphone,4,1,223.190
smartphone-smartphone,4,1,45.518
smartphone-smartphone,4,1,69.352
smartphone-smartphone,4,1,93.262
smartphone-smartphone,4,1,215.972
smartphone-smartphone,4,1,38.396
smartphone-smartphone,4,1,62.323
smartphone-smartphone,4,1,86.027
smartphone-smartphone,4,1,208.840
smartphone-smartphone,4,1,232.710
smartphone-smartphone,4,1,55.061
smartphone-smartphone,4,1,78.886
smartphone-smartphone,4,1,103.017
smartphone-smartphone,4,1,225.410
smartphone-smartphone,4,1,47.940
smartphone-smartphone,4,1,71.748
smartphone-smartphone,4,1,95.599
smartphone-smartphone,4,1,218.368
smartphone-smartphone,4,1,41.140
smartphone-smartphone,4,1,65.305
smartphone-smartphone,4,1,88.514
smartphone-smartphone,4,1,211.251
smartphone-smartphone,4,1,33.781
smartphone-smartphone,4,1,57.630
smartphone-smartphone,4,1,81.336
computer-computer,4,2,80.8
computer-computer,4,2,28.7
computer-computer,4,2,71.4
computer-computer,4,2,219
computer-computer,4,2,60.9
computer-computer,4,2,209
computer-computer,4,2,56.0
computer-computer,4,2,102
computer-computer,4,2,45.6
computer-computer,4,2,91.4
computer-computer,4,2,34.4
computer-computer,4,2,74.8
computer-computer,4,2,23.3
computer-computer,4,2,63.5
computer-computer,4,2,210
computer-computer,4,2,52.3
computer-computer,4,2,98.0
computer-computer,4,2,101
computer-computer,4,2,87.0
computer-computer,4,2,37.5
computer-computer,4,2,82.4
computer-computer,4,2,26.2
computer-computer,4,2,66.9
computer-computer,4,2,171
computer-computer,4,2,56.3
computer-computer,4,2,206
computer-computer,4,2,51.3
computer-computer,4,2,91.8
computer-computer,4,2,39.7
computer-computer,4,2,84.5
computer-computer,4,2,18.7
computer-computer,4,2,89.7
computer-computer,4,2,212
computer-computer,4,2,55.9
computer-computer,4,2,137
computer-computer,4,2,48.2
computer-computer,4,2,94.8
computer-computer,4,2,44.5
computer-computer,4,2,90.3
computer-computer,4,2,51.9
computer-computer,4,2,76.9
computer-computer,4,2,24.3
computer-computer,4,2,74.3
computer-computer,4,2,14.8
computer-computer,4,2,65.3
computer-computer,4,2,210
computer-computer,4,2,58.0
computer-computer,4,2,106
computer-computer,4,2,43.9
computer-computer,4,2,96.6
computer-computer,4,2,38.6
computer-computer,4,2,88.2
computer-computer,4,2,27.1
computer-computer,4,2,73.8
computer-computer,4,2,34.8
computer-computer,4,2,63.2
computer-computer,4,2,3.35
computer-computer,4,2,54.1
computer-computer,4,2,100
computer-computer,4,2,44.0
computer-computer,4,2,69.6
computer-computer,4,2,215
computer-computer,4,2,60.5
computer-computer,4,2,147
computer-computer,4,2,52.7
computer-computer,4,2,97.7
computer-computer,4,2,39.2
computer-computer,4,2,86.9
computer-computer,4,2,27.8
computer-computer,4,2,72.5
computer-computer,4,2,18.6
computer-computer,4,2,62.0
computer-computer,4,2,213
computer-computer,4,2,48.8
computer-computer,4,2,95.5
computer-computer,4,2,38.0
computer-computer,4,2,84.3
computer-computer,4,2,27.5
computer-computer,4,2,74.0
computer-computer,4,2,17.8
computer-computer,4,2,68.1
computer-computer,4,2,211
computer-computer,4,2,51.7
computer-computer,4,2,97.0
computer-computer,4,2,47.2
computer-computer,4,2,87.7
computer-computer,4,2,31.4
computer-computer,4,2,76.9
computer-computer,4,2,19.6
computer-computer,4,2,66.4
computer-computer,4,2,31.9
computer-computer,4,2,77.0
computer-computer,4,2,20.8
computer-computer,4,2,66.0
computer-computer,4,2,214
computer-computer,4,2,56.4
computer-computer,4,2,102
computer-computer,4,2,48.6
computer-computer,4,2,92.6
computer-computer,4,2,36.4
computer-computer,4,2,81.8
computer-computer,4,2,24.8
computer-computer,4,2,71.6
computer-computer,4,2,15.0
computer-computer,4,2,61.3
computer-computer,4,2,146
computer-computer,4,2,50.8
computer-computer,4,2,96.1
computer-computer,4,2,45.8
computer-computer,4,2,90.9
computer-computer,4,2,35.0
computer-computer,4,2,82.0
computer-computer,4,2,22.2
computer-computer,4,2,73.2
computer-computer,4,2,220
computer-computer,4,2,57.5
computer-computer,4,2,205
computer-computer,4,2,47.2
computer-computer,4,2,92.9
computer-computer,4,2,37.0
computer-computer,4,2,74.9
computer-computer,4,2,97.6
computer-computer,4,2,40.7
computer-computer,4,2,85.8
computer-computer,4,2,29.1
computer-computer,4,2,75.0
computer-computer,4,2,18.7
computer-computer,4,2,63.5
computer-computer,4,2,228
computer-computer,4,2,58.8
computer-computer,4,2,100
computer-computer,4,2,46.5
computer-computer,4,2,91.8
computer-computer,4,2,35.6
computer-computer,4,2,103
computer-computer,4,2,26.9
computer-computer,4,2,73.4
computer-computer,4,2,16.5
computer-computer,4,2,62.9
computer-computer,4,2,113
computer-computer,4,2,53.0
computer-computer,4,2,106
computer-computer,4,2,51.3
computer-computer,4,2,91.9
computer-computer,4,2,41.8
computer-computer,4,2,87.8
computer-computer,4,2,28.2
computer-computer,4,2,77.1
computer-computer,4,2,25.7
computer-computer,4,2,69.6
computer-smartphone,4,2,107
computer-smartphone,4,2,74.1
computer-smartphone,4,2,97.8
computer-smartphone,4,2,41.9
computer-smartphone,4,2,87.7
computer-smartphone,4,2,33.1
computer-smartphone,4,2,79.7
computer-smartphone,4,2,42.0
computer-smartphone,4,2,92.3
computer-smartphone,4,2,142
computer-smartphone,4,2,62.9
computer-smartphone,4,2,181
computer-smartphone,4,2,53.2
computer-smartphone,4,2,98.3
computer-smartphone,4,2,42.8
computer-smartphone,4,2,214
computer-smartphone,4,2,31.9
computer-smartphone,4,2,77.2
computer-smartphone,4,2,218
computer-smartphone,4,2,69.2
computer-smartphone,4,2,211
computer-smartphone,4,2,63.0
computer-smartphone,4,2,270
computer-smartphone,4,2,56.5
computer-smartphone,4,2,102
computer-smartphone,4,2,46.8
computer-smartphone,4,2,92.0
computer-smartphone,4,2,36.4
computer-smartphone,4,2,82.2
computer-smartphone,4,2,26.3
computer-smartphone,4,2,92.4
computer-smartphone,4,2,82.6
computer-smartphone,4,2,25.4
computer-smartphone,4,2,72.0
computer-smartphone,4,2,118
computer-smartphone,4,2,61.7
computer-smartphone,4,2,201
computer-smartphone,4,2,50.7
computer-smartphone,4,2,169
computer-smartphone,4,2,40.9
computer-smartphone,4,2,87.0
computer-smartphone,4,2,31.3
computer-smartphone,4,2,76.6
computer-smartphone,4,2,222
computer-smartphone,4,2,65.4
computer-smartphone,4,2,267
computer-smartphone,4,2,57.3
computer-smartphone,4,2,198
computer-smartphone,4,2,47.7
computer-smartphone,4,2,92.9
computer-smartphone,4,2,36.3
computer-smartphone,4,2,82.1
computer-smartphone,4,2,27.0
computer-smartphone,4,2,74.4
computer-smartphone,4,2,120
computer-smartphone,4,2,64.9
computer-smartphone,4,2,110
computer-smartphone,4,2,54.2
computer-smartphone,4,2,100
computer-smartphone,4,2,43.9
computer-smartphone,4,2,96.9
computer-smartphone,4,2,90.6
computer-smartphone,4,2,34.5
computer-smartphone,4,2,79.9
computer-smartphone,4,2,23.3
computer-smartphone,4,2,70.6
computer-smartphone,4,2,116
computer-smartphone,4,2,75.6
computer-smartphone,4,2,105
computer-smartphone,4,2,48.6
computer-smartphone,4,2,95.5
computer-smartphone,4,2,39.7
computer-smartphone,4,2,85.2
computer-smartphone,4,2,29.2
computer-smartphone,4,2,75.1
computer-smartphone,4,2,121
computer-smartphone,4,2,64.7
computer-smartphone,4,2,205
computer-smartphone,4,2,54.8
computer-smartphone,4,2,100
computer-smartphone,4,2,59.8
computer-smartphone,4,2,89.3
computer-smartphone,4,2,33.9
computer-smartphone,4,2,78.7
computer-smartphone,4,2,23.4
computer-smartphone,4,2,69.1
computer-smartphone,4,2,115
computer-smartphone,4,2,58.6
computer-smartphone,4,2,105
computer-smartphone,4,2,70.2
computer-smartphone,4,2,118
computer-smartphone,4,2,62.3
computer-smartphone,4,2,199
computer-smartphone,4,2,53.1
computer-smartphone,4,2,295
computer-smartphone,4,2,44.2
computer-smartphone,4,2,90.5
computer-smartphone,4,2,33.7
computer-smartphone,4,2,80.5
computer-smartphone,4,2,23.3
computer-smartphone,4,2,69.9
computer-smartphone,4,2,200
computer-smartphone,4,2,60.0
computer-smartphone,4,2,108
computer-smartphone,4,2,52.2
computer-smartphone,4,2,97.5
computer-smartphone,4,2,41.8
computer-smartphone,4,2,87.1
computer-smartphone,4,2,30.4
computer-smartphone,4,2,76.9
computer-smartphone,4,2,217
computer-smartphone,4,2,161
computer-smartphone,4,2,213
computer-smartphone,4,2,59.7
computer-smartphone,4,2,204
computer-smartphone,4,2,49.5
computer-smartphone,4,2,96.3
computer-smartphone,4,2,39.6
computer-smartphone,4,2,84.9
computer-smartphone,4,2,29.4
computer-smartphone,4,2,244
computer-smartphone,4,2,89.3
computer-smartphone,4,2,33.5
computer-smartphone,4,2,79.5
computer-smartphone,4,2,22.3
computer-smartphone,4,2,69.2
computer-smartphone,4,2,209
computer-smartphone,4,2,59.0
computer-smartphone,4,2,128
computer-smartphone,4,2,48.3
computer-smartphone,4,2,94.0
computer-smartphone,4,2,38.0
computer-smartphone,4,2,83.8
computer-smartphone,4,2,26.5
computer-smartphone,4,2,87.7
computer-smartphone,4,2,117
computer-smartphone,4,2,82.4
computer-smartphone,4,2,108
computer-smartphone,4,2,50.0
computer-smartphone,4,2,95.9
computer-smartphone,4,2,232
computer-smartphone,4,2,84.6
computer-smartphone,4,2,27.6
computer-smartphone,4,2,72.9
computer-smartphone,4,2,213
computer-smartphone,4,2,62.7
computer-smartphone,4,2,108
computer-smartphone,4,2,51.6
computer-smartphone,4,2,96.9
computer-smartphone,4,2,62.7
smartphone-computer,4,2,1.042
smartphone-computer,4,2,226.464
smartphone-computer,4,2,95.284
smartphone-computer,4,2,14.377
smartphone-computer,4,2,63.610
smartphone-computer,4,2,112.237
smartphone-computer,4,2,56.850
smartphone-computer,4,2,99.680
smartphone-computer,4,2,13.857
smartphone-computer,4,2,28.504
smartphone-computer,4,2,38.568
smartphone-computer,4,2,13.761
smartphone-computer,4,2,31.662
smartphone-computer,4,2,79.503
smartphone-computer,4,2,234.015
smartphone-computer,4,2,72.853
smartphone-computer,4,2,227.342
smartphone-computer,4,2,65.865
smartphone-computer,4,2,118.944
smartphone-computer,4,2,64.368
smartphone-computer,4,2,11.939
smartphone-computer,4,2,52.789
smartphone-computer,4,2,40.086
smartphone-computer,4,2,64.016
smartphone-computer,4,2,93.662
smartphone-computer,4,2,44.838
smartphone-computer,4,2,87.034
smartphone-computer,4,2,32.640
smartphone-computer,4,2,12.711
smartphone-computer,4,2,25.781
smartphone-computer,4,2,1.184
smartphone-computer,4,2,100.095
smartphone-computer,4,2,72.332
smartphone-computer,4,2,226.862
smartphone-computer,4,2,65.299
smartphone-computer,4,2,99.090
smartphone-computer,4,2,63.494
smartphone-computer,4,2,11.279
smartphone-computer,4,2,68.513
smartphone-computer,4,2,104.276
smartphone-computer,4,2,14.254
smartphone-computer,4,2,99.044
smartphone-computer,4,2,14.157
smartphone-computer,4,2,60.750
smartphone-computer,4,2,34.433
smartphone-computer,4,2,14.386
smartphone-computer,4,2,233.271
smartphone-computer,4,2,76.706
smartphone-computer,4,2,226.188
smartphone-computer,4,2,64.762
smartphone-computer,4,2,219.478
smartphone-computer,4,2,58.010
smartphone-computer,4,2,105.766
smartphone-computer,4,2,50.924
smartphone-computer,4,2,98.468
smartphone-computer,4,2,44.052
smartphone-computer,4,2,91.831
smartphone-computer,4,2,94.876
smartphone-computer,4,2,85.101
smartphone-computer,4,2,35.611
smartphone-computer,4,2,1.053
smartphone-computer,4,2,13.796
smartphone-computer,4,2,63.983
smartphone-computer,4,2,14.338
smartphone-computer,4,2,13.694
smartphone-computer,4,2,10.820
smartphone-computer,4,2,79.637
smartphone-computer,4,2,103.941
smartphone-computer,4,2,44.302
smartphone-computer,4,2,91.959
smartphone-computer,4,2,37.190
smartphone-computer,4,2,13.813
smartphone-computer,4,2,1.259
smartphone-computer,4,2,49.380
smartphone-computer,4,2,34.348
smartphone-computer,4,2,71.746
smartphone-computer,4,2,226.269
smartphone-computer,4,2,65.039
smartphone-computer,4,2,14.589
smartphone-computer,4,2,20.916
smartphone-computer,4,2,25.038
smartphone-computer,4,2,51.550
smartphone-computer,4,2,99.387
smartphone-computer,4,2,13.810
smartphone-computer,4,2,28.348
smartphone-computer,4,2,37.931
smartphone-computer,4,2,5.392
smartphone-computer,4,2,36.525
smartphone-computer,4,2,185.937
smartphone-computer,4,2,95.897
smartphone-computer,4,2,1.045
smartphone-computer,4,2,13.819
smartphone-computer,4,2,54.677
smartphone-computer,4,2,59.107
smartphone-computer,4,2,106.824
smartphone-computer,4,2,52.044
smartphone-computer,4,2,99.868
smartphone-computer,4,2,45.421
smartphone-computer,4,2,93.293
smartphone-computer,4,2,43.974
smartphone-computer,4,2,91.813
smartphone-computer,4,2,32.108
smartphone-computer,4,2,13.725
smartphone-computer,4,2,13.846
smartphone-computer,4,2,33.988
smartphone-computer,4,2,227.675
smartphone-computer,4,2,66.590
smartphone-computer,4,2,220.949
smartphone-computer,4,2,13.751
smartphone-computer,4,2,12.019
smartphone-computer,4,2,13.693
smartphone-computer,4,2,100.811
smartphone-computer,4,2,46.100
smartphone-computer,4,2,101.464
smartphone-computer,4,2,57.876
smartphone-computer,4,2,87.460
smartphone-computer,4,2,32.783
smartphone-computer,4,2,80.655
smartphone-computer,4,2,26.137
smartphone-computer,4,2,73.933
smartphone-computer,4,2,1.054
smartphone-computer,4,2,36.998
smartphone-computer,4,2,84.996
smartphone-computer,4,2,30.407
smartphone-computer,4,2,78.212
smartphone-computer,4,2,14.058
smartphone-computer,4,2,63.502
smartphone-computer,4,2,38.342
smartphone-computer,4,2,13.781
smartphone-computer,4,2,14.569
smartphone-computer,4,2,13.815
smartphone-computer,4,2,110.721
smartphone-computer,4,2,13.798
smartphone-computer,4,2,13.801
smartphone-computer,4,2,44.260
smartphone-computer,4,2,92.340
smartphone-computer,4,2,13.659
smartphone-computer,4,2,85.440
smartphone-computer,4,2,13.654
smartphone-computer,4,2,78.717
smartphone-computer,4,2,101.841
smartphone-computer,4,2,71.982
smartphone-computer,4,2,226.530
smartphone-computer,4,2,65.089
smartphone-computer,4,2,219.780
smartphone-computer,4,2,58.516
smartphone-computer,4,2,106.328
smartphone-computer,4,2,51.817
smartphone-computer,4,2,99.660
smartphone-computer,4,2,45.140
smartphone-smartphone,4,2,76.973
smartphone-smartphone,4,2,223.552
smartphone-smartphone,4,2,70.123
smartphone-smartphone,4,2,216.794
smartphone-smartphone,4,2,63.397
smartphone-smartphone,4,2,210.051
smartphone-smartphone,4,2,56.572
smartphone-smartphone,4,2,104.691
smartphone-smartphone,4,2,50.254
smartphone-smartphone,4,2,98.112
smartphone-smartphone,4,2,43.328
smartphone-smartphone,4,2,91.152
smartphone-smartphone,4,2,36.688
smartphone-smartphone,4,2,84.483
smartphone-smartphone,4,2,231.109
smartphone-smartphone,4,2,77.750
smartphone-smartphone,4,2,224.385
smartphone-smartphone,4,2,71.142
smartphone-smartphone,4,2,217.641
smartphone-smartphone,4,2,64.308
smartphone-smartphone,4,2,211.117
smartphone-smartphone,4,2,57.572
smartphone-smartphone,4,2,204.538
smartphone-smartphone,4,2,50.933
smartphone-smartphone,4,2,98.665
smartphone-smartphone,4,2,44.345
smartphone-smartphone,4,2,92.337
smartphone-smartphone,4,2,37.427
smartphone-smartphone,4,2,85.576
smartphone-smartphone,4,2,232.104
smartphone-smartphone,4,2,23.000
smartphone-smartphone,4,2,70.764
smartphone-smartphone,4,2,217.877
smartphone-smartphone,4,2,63.883
smartphone-smartphone,4,2,210.419
smartphone-smartphone,4,2,56.845
smartphone-smartphone,4,2,104.595
smartphone-smartphone,4,2,49.968
smartphone-smartphone,4,2,97.830
smartphone-smartphone,4,2,43.063
smartphone-smartphone,4,2,91.035
smartphone-smartphone,4,2,36.113
smartphone-smartphone,4,2,83.839
smartphone-smartphone,4,2,230.634
smartphone-smartphone,4,2,77.205
smartphone-smartphone,4,2,223.896
smartphone-smartphone,4,2,70.137
smartphone-smartphone,4,2,216.764
smartphone-smartphone,4,2,63.318
smartphone-smartphone,4,2,111.124
smartphone-smartphone,4,2,56.584
smartphone-smartphone,4,2,104.736
smartphone-smartphone,4,2,49.883
smartphone-smartphone,4,2,98.086
smartphone-smartphone,4,2,43.391
smartphone-smartphone,4,2,90.866
smartphone-smartphone,4,2,36.398
smartphone-smartphone,4,2,83.991
smartphone-smartphone,4,2,230.629
smartphone-smartphone,4,2,77.005
smartphone-smartphone,4,2,63.872
smartphone-smartphone,4,2,111.629
smartphone-smartphone,4,2,56.875
smartphone-smartphone,4,2,104.837
smartphone-smartphone,4,2,50.362
smartphone-smartphone,4,2,98.277
smartphone-smartphone,4,2,43.441
smartphone-smartphone,4,2,91.297
smartphone-smartphone,4,2,36.957
smartphone-smartphone,4,2,84.898
smartphone-smartphone,4,2,231.325
smartphone-smartphone,4,2,77.870
smartphone-smartphone,4,2,224.932
smartphone-smartphone,4,2,71.187
smartphone-smartphone,4,2,218.270
smartphone-smartphone,4,2,64.472
smartphone-smartphone,4,2,211.158
smartphone-smartphone,4,2,57.652
smartphone-smartphone,4,2,105.908
smartphone-smartphone,4,2,51.378
smartphone-smartphone,4,2,13.598
smartphone-smartphone,4,2,44.617
smartphone-smartphone,4,2,92.328
smartphone-smartphone,4,2,36.604
smartphone-smartphone,4,2,85.444
smartphone-smartphone,4,2,232.427
smartphone-smartphone,4,2,78.722
smartphone-smartphone,4,2,225.484
smartphone-smartphone,4,2,71.917
smartphone-smartphone,4,2,218.674
smartphone-smartphone,4,2,116.213
smartphone-smartphone,4,2,61.445
smartphone-smartphone,4,2,109.195
smartphone-smartphone,4,2,54.632
smartphone-smartphone,4,2,102.275
smartphone-smartphone,4,2,47.517
smartphone-smartphone,4,2,95.496
smartphone-smartphone,4,2,40.644
smartphone-smartphone,4,2,88.888
smartphone-smartphone,4,2,33.820
smartphone-smartphone,4,2,81.701
smartphone-smartphone,4,2,228.289
smartphone-smartphone,4,2,74.981
smartphone-smartphone,4,2,221.361
smartphone-smartphone,4,2,67.715
smartphone-smartphone,4,2,214.495
smartphone-smartphone,4,2,60.941
smartphone-smartphone,4,2,207.858
smartphone-smartphone,4,2,54.144
smartphone-smartphone,4,2,101.761
smartphone-smartphone,4,2,47.289
smartphone-smartphone,4,2,95.218
smartphone-smartphone,4,2,40.431
smartphone-smartphone,4,2,87.969
smartphone-smartphone,4,2,33.449
smartphone-smartphone,4,2,81.201
smartphone-smartphone,4,2,227.903
smartphone-smartphone,4,2,74.212
smartphone-smartphone,4,2,221.098
smartphone-smartphone,4,2,67.349
smartphone-smartphone,4,2,68.266
smartphone-smartphone,4,2,214.830
smartphone-smartphone,4,2,61.365
smartphone-smartphone,4,2,108.998
smartphone-smartphone,4,2,54.093
smartphone-smartphone,4,2,101.923
smartphone-smartphone,4,2,47.208
smartphone-smartphone,4,2,94.938
smartphone-smartphone,4,2,40.400
smartphone-smartphone,4,2,88.338
smartphone-smartphone,4,2,33.383
smartphone-smartphone,4,2,81.277
smartphone-smartphone,4,2,227.746
smartphone-smartphone,4,2,74.219
smartphone-smartphone,4,2,220.853
smartphone-smartphone,4,2,67.293
smartphone-smartphone,4,2,213.981
smartphone-smartphone,4,2,60.345
smartphone-smartphone,4,2,207.273
smartphone-smartphone,4,2,53.507
smartphone-smartphone,4,2,101.452
smartphone-smartphone,4,2,46.602
smartphone-smartphone,4,2,94.289
smartphone-smartphone,4,2,39.640
smartphone-smartphone,4,2,87.411
smartphone-smartphone,4,2,234.142
smartphone-smartphone,4,2,80.919
smartphone-smartphone,4,2,227.166
smartphone-smartphone,4,2,73.585
smartphone-smartphone,4,2,220.247
